date,aqi
1980-01-01,140
1980-01-07,136
1980-01-14,113
1980-01-21,120
1980-01-28,118
1980-02-04,107
1980-02-11,102
1980-02-18,98
1980-02-25,94
1980-03-03,88
1980-03-10,80
1980-03-17,70
1980-03-24,63
1980-03-31,54
1980-04-07,44
1980-04-14,46
1980-04-21,42
1980-04-28,39
1980-05-05,27
1980-05-12,26
1980-05-19,23
1980-05-26,18
1980-06-02,24
1980-06-09,25
1980-06-16,20
1980-06-23,34
1980-06-30,23
1980-07-07,21
1980-07-14,30
1980-07-21,39
1980-07-28,58
1980-08-04,47
1980-08-11,49
1980-08-18,59
1980-08-25,69
1980-09-01,70
1980-09-08,87
1980-09-15,79
1980-09-22,93
1980-09-29,103
1980-10-06,111
1980-10-13,112
1980-10-20,127
1980-10-27,129
1980-11-03,135
1980-11-10,138
1980-11-17,140
1980-11-24,140
1980-12-01,135
1980-12-08,131
1980-12-15,142
1980-12-22,140
1981-01-01,136
1981-01-05,147
1981-01-12,126
1981-01-19,130
1981-01-26,125
1981-02-02,113
1981-02-09,109
1981-02-16,108
1981-02-23,111
1981-03-02,80
1981-03-09,84
1981-03-16,71
1981-03-23,63
1981-03-30,56
1981-04-06,56
1981-04-13,44
1981-04-20,51
1981-04-27,30
1981-05-04,41
1981-05-11,25
1981-05-18,20
1981-05-25,24
1981-06-01,20
1981-06-08,14
1981-06-15,13
1981-06-22,23
1981-06-29,24
1981-07-06,31
1981-07-13,40
1981-07-20,30
1981-07-27,40
1981-08-03,54
1981-08-10,53
1981-08-17,60
1981-08-24,70
1981-08-31,78
1981-09-07,84
1981-09-14,96
1981-09-21,91
1981-09-28,101
1981-10-05,100
1981-10-12,125
1981-10-19,118
1981-10-26,127
1981-11-02,122
1981-11-09,136
1981-11-16,142
1981-11-23,140
1981-11-30,136
1981-12-07,141
1981-12-14,145
1981-12-21,136
1981-12-28,136
1982-01-04,146
1982-01-11,129
1982-01-18,119
1982-01-25,131
1982-02-01,128
1982-02-08,119
1982-02-15,104
1982-02-22,104
1982-03-01,92
1982-03-08,87
1982-03-15,77
1982-03-22,75
1982-03-29,72
1982-04-05,57
1982-04-12,52
1982-04-19,47
1982-04-26,40
1982-05-03,40
1982-05-10,35
1982-05-17,29
1982-05-24,38
1982-05-31,31
1982-06-07,39
1982-06-14,27
1982-06-21,29
1982-06-28,37
1982-07-05,32
1982-07-12,35
1982-07-19,31
1982-07-26,45
1982-08-02,46
1982-08-09,60
1982-08-16,69
1982-08-23,69
1982-08-30,61
1982-09-06,82
1982-09-13,90
1982-09-20,98
1982-09-27,112
1982-10-04,119
1982-10-11,120
1982-10-18,131
1982-10-25,124
1982-11-01,136
1982-11-08,142
1982-11-15,141
1982-11-22,143
1982-11-29,136
1982-12-06,140
1982-12-13,151
1982-12-20,146
1982-12-27,146
1982-01-01,129
1983-01-03,146
1983-01-10,137
1983-01-17,142
1983-01-24,135
1983-01-31,127
1983-02-07,122
1983-02-14,110
1983-02-21,91
1983-02-28,101
1983-03-07,99
1983-03-14,86
1983-03-21,69
1983-03-28,65
1983-04-04,53
1983-04-11,59
1983-04-18,48
1983-04-25,40
1983-05-02,43
1983-05-09,40
1983-05-16,38
1983-05-23,28
1983-05-30,23
1983-06-06,27
1983-06-13,25
1983-06-20,28
1983-06-27,37
1983-07-04,27
1983-07-11,38
1983-07-18,41
1983-07-25,44
1983-08-01,60
1983-08-08,50
1983-08-15,55
1983-08-22,79
1983-08-29,75
1983-09-05,79
1983-09-12,79
1983-09-19,96
1983-09-26,102
1983-10-03,113
1983-10-10,126
1983-10-17,129
1983-10-24,131
1983-10-31,136
1983-11-07,142
1983-11-14,152
1983-11-21,143
1983-11-28,145
1983-12-05,154
1983-12-12,146
1983-12-19,160
1983-01-01,142
1984-01-02,141
1984-01-09,142
1984-01-16,138
1984-01-23,125
1984-01-30,141
1984-02-06,124
1984-02-13,116
1984-02-20,105
1984-02-27,102
1984-03-05,95
1984-03-12,78
1984-03-19,78
1984-03-26,71
1984-04-02,66
1984-04-09,54
1984-04-16,45
1984-04-23,44
1984-04-30,44
1984-05-07,26
1984-05-14,39
1984-05-21,30
1984-05-28,34
1984-06-04,29
1984-06-11,38
1984-06-18,26
1984-06-25,38
1984-07-02,44
1984-07-09,41
1984-07-16,41
1984-07-23,45
1984-07-30,60
1984-08-06,56
1984-08-13,66
1984-08-20,71
1984-08-27,85
1984-09-03,86
1984-09-10,94
1984-09-17,103
1984-09-24,111
1984-10-01,110
1984-10-08,124
1984-10-15,122
1984-10-22,144
1984-10-29,136
1984-11-05,137
1984-11-12,136
1984-11-19,140
1984-11-26,146
1984-12-03,146
1984-12-10,145
1984-12-17,144
1984-01-01,141
1985-01-01,150
1985-01-07,141
1985-01-14,135
1985-01-21,138
1985-01-28,134
1985-02-04,127
1985-02-11,115
1985-02-18,112
1985-02-25,99
1985-03-04,96
1985-03-11,96
1985-03-18,76
1985-03-25,79
1985-04-01,61
1985-04-08,62
1985-04-15,59
1985-04-22,53
1985-04-29,46
1985-05-06,43
1985-05-13,42
1985-05-20,34
1985-05-27,36
1985-06-03,32
1985-06-10,39
1985-06-17,30
1985-06-24,25
1985-07-01,32
1985-07-08,33
1985-07-15,44
1985-07-22,56
1985-07-29,45
1985-08-05,59
1985-08-12,57
1985-08-19,76
1985-08-26,79
1985-09-02,90
1985-09-09,83
1985-09-16,99
1985-09-23,104
1985-09-30,116
1985-10-07,119
1985-10-14,116
1985-10-21,137
1985-10-28,146
1985-11-04,137
1985-11-11,143
1985-11-18,145
1985-11-25,149
1985-12-02,151
1985-12-09,156
1985-12-16,150
1985-12-23,147
1986-01-01,145
1986-01-06,148
1986-01-13,142
1986-01-20,138
1986-01-27,134
1986-02-03,130
1986-02-10,114
1986-02-17,121
1986-02-24,104
1986-03-03,94
1986-03-10,95
1986-03-17,83
1986-03-24,71
1986-03-31,71
1986-04-07,69
1986-04-14,62
1986-04-21,66
1986-04-28,57
1986-05-05,44
1986-05-12,45
1986-05-19,37
1986-05-26,38
1986-06-02,32
1986-06-09,36
1986-06-16,24
1986-06-23,32
1986-06-30,40
1986-07-07,36
1986-07-14,37
1986-07-21,40
1986-07-28,55
1986-08-04,61
1986-08-11,71
1986-08-18,73
1986-08-25,80
1986-09-01,89
1986-09-08,90
1986-09-15,98
1986-09-22,112
1986-09-29,115
1986-10-06,126
1986-10-13,134
1986-10-20,129
1986-10-27,137
1986-11-03,144
1986-11-10,150
1986-11-17,145
1986-11-24,160
1986-12-01,157
1986-12-08,151
1986-12-15,151
1986-12-22,154
1987-01-01,152
1987-01-05,144
1987-01-12,148
1987-01-19,149
1987-01-26,134
1987-02-02,128
1987-02-09,120
1987-02-16,111
1987-02-23,110
1987-03-02,114
1987-03-09,98
1987-03-16,99
1987-03-23,78
1987-03-30,72
1987-04-06,72
1987-04-13,56
1987-04-20,58
1987-04-27,40
1987-05-04,50
1987-05-11,39
1987-05-18,48
1987-05-25,49
1987-06-01,39
1987-06-08,36
1987-06-15,44
1987-06-22,45
1987-06-29,46
1987-07-06,36
1987-07-13,51
1987-07-20,48
1987-07-27,57
1987-08-03,53
1987-08-10,62
1987-08-17,68
1987-08-24,72
1987-08-31,89
1987-09-07,96
1987-09-14,105
1987-09-21,113
1987-09-28,114
1987-10-05,134
1987-10-12,121
1987-10-19,134
1987-10-26,140
1987-11-02,141
1987-11-09,143
1987-11-16,137
1987-11-23,150
1987-11-30,158
1987-12-07,158
1987-12-14,151
1987-12-21,161
1987-12-28,158
1988-01-04,159
1988-01-11,147
1988-01-18,143
1988-01-25,134
1988-02-01,139
1988-02-08,123
1988-02-15,113
1988-02-22,119
1988-02-29,105
1988-03-07,104
1988-03-14,84
1988-03-21,86
1988-03-28,75
1988-04-04,62
1988-04-11,63
1988-04-18,52
1988-04-25,53
1988-05-02,49
1988-05-09,43
1988-05-16,34
1988-05-23,47
1988-05-30,48
1988-06-06,34
1988-06-13,34
1988-06-20,46
1988-06-27,44
1988-07-04,36
1988-07-11,52
1988-07-18,51
1988-07-25,56
1988-08-01,61
1988-08-08,66
1988-08-15,61
1988-08-22,82
1988-08-29,79
1988-09-05,87
1988-09-12,106
1988-09-19,116
1988-09-26,113
1988-10-03,127
1988-10-10,132
1988-10-17,142
1988-10-24,145
1988-10-31,141
1988-11-07,154
1988-11-14,160
1988-11-21,156
1988-11-28,160
1988-12-05,161
1988-12-12,158
1988-12-19,162
1988-12-26,150
1988-01-01,153
1989-01-02,150
1989-01-09,152
1989-01-16,155
1989-01-23,143
1989-01-30,138
1989-02-06,134
1989-02-13,122
1989-02-20,122
1989-02-27,116
1989-03-06,99
1989-03-13,84
1989-03-20,90
1989-03-27,77
1989-04-03,85
1989-04-10,66
1989-04-17,73
1989-04-24,56
1989-05-01,56
1989-05-08,45
1989-05-15,50
1989-05-22,57
1989-05-29,37
1989-06-05,39
1989-06-12,36
1989-06-19,48
1989-06-26,38
1989-07-03,36
1989-07-10,45
1989-07-17,50
1989-07-24,64
1989-07-31,60
1989-08-07,74
1989-08-14,71
1989-08-21,75
1989-08-28,91
1989-09-04,104
1989-09-11,114
1989-09-18,106
1989-09-25,115
1989-10-02,128
1989-10-09,134
1989-10-16,141
1989-10-23,135
1989-10-30,155
1989-11-06,155
1989-11-13,151
1989-11-20,158
1989-11-27,161
1989-12-04,153
1989-12-11,162
1989-12-18,152
1989-01-01,160
1990-01-01,158
1990-01-08,158
1990-01-15,154
1990-01-22,140
1990-01-29,147
1990-02-05,140
1990-02-12,129
1990-02-19,122
1990-02-26,106
1990-03-05,120
1990-03-12,91
1990-03-19,89
1990-03-26,82
1990-04-02,70
1990-04-09,74
1990-04-16,68
1990-04-23,62
1990-04-30,39
1990-05-07,45
1990-05-14,51
1990-05-21,40
1990-05-28,34
1990-06-04,38
1990-06-11,30
1990-06-18,44
1990-06-25,44
1990-07-02,44
1990-07-09,56
1990-07-16,50
1990-07-23,53
1990-07-30,68
1990-08-06,65
1990-08-13,69
1990-08-20,83
1990-08-27,91
1990-09-03,103
1990-09-10,101
1990-09-17,112
1990-09-24,118
1990-10-01,133
1990-10-08,132
1990-10-15,137
1990-10-22,146
1990-10-29,146
1990-11-05,155
1990-11-12,162
1990-11-19,169
1990-11-26,165
1990-12-03,149
1990-12-10,159
1990-12-17,154
1990-12-24,153
1991-01-01,157
1991-01-07,159
1991-01-14,142
1991-01-21,148
1991-01-28,149
1991-02-04,143
1991-02-11,127
1991-02-18,121
1991-02-25,109
1991-03-04,113
1991-03-11,105
1991-03-18,92
1991-03-25,94
1991-04-01,86
1991-04-08,65
1991-04-15,70
1991-04-22,70
1991-04-29,67
1991-05-06,46
1991-05-13,54
1991-05-20,42
1991-05-27,43
1991-06-03,43
1991-06-10,43
1991-06-17,50
1991-06-24,30
1991-07-01,43
1991-07-08,43
1991-07-15,53
1991-07-22,62
1991-07-29,67
1991-08-05,67
1991-08-12,82
1991-08-19,87
1991-08-26,94
1991-09-02,95
1991-09-09,97
1991-09-16,114
1991-09-23,125
1991-09-30,121
1991-10-07,126
1991-10-14,132
1991-10-21,145
1991-10-28,148
1991-11-04,159
1991-11-11,153
1991-11-18,168
1991-11-25,152
1991-12-02,166
1991-12-09,168
1991-12-16,156
1991-12-23,165
1992-01-01,153
1992-01-06,165
1992-01-13,156
1992-01-20,152
1992-01-27,140
1992-02-03,134
1992-02-10,130
1992-02-17,121
1992-02-24,120
1992-03-02,109
1992-03-09,106
1992-03-16,106
1992-03-23,96
1992-03-30,89
1992-04-06,74
1992-04-13,71
1992-04-20,64
1992-04-27,56
1992-05-04,55
1992-05-11,49
1992-05-18,62
1992-05-25,50
1992-06-01,49
1992-06-08,44
1992-06-15,50
1992-06-22,47
1992-06-29,54
1992-07-06,48
1992-07-13,62
1992-07-20,64
1992-07-27,67
1992-08-03,82
1992-08-10,74
1992-08-17,83
1992-08-24,98
1992-08-31,97
1992-09-07,89
1992-09-14,120
1992-09-21,120
1992-09-28,134
1992-10-05,135
1992-10-12,138
1992-10-19,149
1992-10-26,146
1992-11-02,158
1992-11-09,159
1992-11-16,169
1992-11-23,172
1992-11-30,173
1992-12-07,160
1992-12-14,166
1992-12-21,170
1992-12-28,156
1993-01-04,159
1993-01-11,160
1993-01-18,155
1993-01-25,140
1993-02-01,146
1993-02-08,130
1993-02-15,123
1993-02-22,116
1993-03-01,117
1993-03-08,111
1993-03-15,105
1993-03-22,92
1993-03-29,88
1993-04-05,80
1993-04-12,87
1993-04-19,65
1993-04-26,67
1993-05-03,56
1993-05-10,63
1993-05-17,52
1993-05-24,43
1993-05-31,48
1993-06-07,48
1993-06-14,54
1993-06-21,58
1993-06-28,53
1993-07-05,58
1993-07-12,58
1993-07-19,71
1993-07-26,65
1993-08-02,72
1993-08-09,73
1993-08-16,85
1993-08-23,103
1993-08-30,98
1993-09-06,107
1993-09-13,118
1993-09-20,122
1993-09-27,129
1993-10-04,132
1993-10-11,157
1993-10-18,148
1993-10-25,153
1993-11-01,152
1993-11-08,160
1993-11-15,163
1993-11-22,171
1993-11-29,174
1993-12-06,162
1993-12-13,169
1993-12-20,165
1993-12-27,168
1993-01-01,169
1994-01-03,161
1994-01-10,161
1994-01-17,160
1994-01-24,153
1994-01-31,156
1994-02-07,144
1994-02-14,129
1994-02-21,122
1994-02-28,116
1994-03-07,111
1994-03-14,107
1994-03-21,94
1994-03-28,102
1994-04-04,81
1994-04-11,80
1994-04-18,75
1994-04-25,74
1994-05-02,86
1994-05-09,61
1994-05-16,45
1994-05-23,53
1994-05-30,54
1994-06-06,56
1994-06-13,51
1994-06-20,61
1994-06-27,54
1994-07-04,60
1994-07-11,59
1994-07-18,57
1994-07-25,72
1994-08-01,70
1994-08-08,79
1994-08-15,83
1994-08-22,90
1994-08-29,92
1994-09-05,105
1994-09-12,111
1994-09-19,122
1994-09-26,130
1994-10-03,130
1994-10-10,139
1994-10-17,148
1994-10-24,151
1994-10-31,150
1994-11-07,159
1994-11-14,167
1994-11-21,165
1994-11-28,168
1994-12-05,173
1994-12-12,168
1994-12-19,174
1994-01-01,169
1995-01-02,170
1995-01-09,168
1995-01-16,157
1995-01-23,147
1995-01-30,156
1995-02-06,134
1995-02-13,137
1995-02-20,140
1995-02-27,130
1995-03-06,119
1995-03-13,106
1995-03-20,104
1995-03-27,99
1995-04-03,79
1995-04-10,92
1995-04-17,72
1995-04-24,69
1995-05-01,70
1995-05-08,68
1995-05-15,52
1995-05-22,55
1995-05-29,57
1995-06-05,57
1995-06-12,49
1995-06-19,60
1995-06-26,56
1995-07-03,51
1995-07-10,72
1995-07-17,64
1995-07-24,65
1995-07-31,75
1995-08-07,80
1995-08-14,89
1995-08-21,96
1995-08-28,98
1995-09-04,102
1995-09-11,119
1995-09-18,116
1995-09-25,129
1995-10-02,133
1995-10-09,141
1995-10-16,150
1995-10-23,152
1995-10-30,169
1995-11-06,153
1995-11-13,174
1995-11-20,176
1995-11-27,172
1995-12-04,167
1995-12-11,174
1995-12-18,166
1995-01-01,164
1996-01-01,171
1996-01-08,153
1996-01-15,161
1996-01-22,151
1996-01-29,148
1996-02-05,144
1996-02-12,130
1996-02-19,135
1996-02-26,120
1996-03-04,120
1996-03-11,110
1996-03-18,104
1996-03-25,97
1996-04-01,98
1996-04-08,83
1996-04-15,80
1996-04-22,81
1996-04-29,73
1996-05-06,67
1996-05-13,71
1996-05-20,60
1996-05-27,59
1996-06-03,47
1996-06-10,55
1996-06-17,63
1996-06-24,66
1996-07-01,51
1996-07-08,61
1996-07-15,76
1996-07-22,77
1996-07-29,91
1996-08-05,90
1996-08-12,94
1996-08-19,94
1996-08-26,102
1996-09-02,112
1996-09-09,111
1996-09-16,129
1996-09-23,130
1996-09-30,136
1996-10-07,149
1996-10-14,151
1996-10-21,161
1996-10-28,160
1996-11-04,163
1996-11-11,165
1996-11-18,173
1996-11-25,174
1996-12-02,176
1996-12-09,181
1996-12-16,162
1996-12-23,180
1997-01-01,174
1997-01-06,169
1997-01-13,170
1997-01-20,156
1997-01-27,155
1997-02-03,154
1997-02-10,146
1997-02-17,138
1997-02-24,135
1997-03-03,124
1997-03-10,118
1997-03-17,113
1997-03-24,99
1997-03-31,93
1997-04-07,89
1997-04-14,94
1997-04-21,77
1997-04-28,75
1997-05-05,67
1997-05-12,65
1997-05-19,55
1997-05-26,57
1997-06-02,89
1997-06-09,63
1997-06-16,61
1997-06-23,63
1997-06-30,53
1997-07-07,60
1997-07-14,74
1997-07-21,70
1997-07-28,76
1997-08-04,81
1997-08-11,81
1997-08-18,92
1997-08-25,96
1997-09-01,102
1997-09-08,113
1997-09-15,119
1997-09-22,132
1997-09-29,136
1997-10-06,149
1997-10-13,156
1997-10-20,159
1997-10-27,167
1997-11-03,164
1997-11-10,173
1997-11-17,180
1997-11-24,165
1997-12-01,174
1997-12-08,178
1997-12-15,187
1997-12-22,180
1998-01-01,175
1998-01-05,169
1998-01-12,171
1998-01-19,160
1998-01-26,154
1998-02-02,159
1998-02-09,149
1998-02-16,141
1998-02-23,128
1998-03-02,125
1998-03-09,120
1998-03-16,115
1998-03-23,109
1998-03-30,89
1998-04-06,96
1998-04-13,83
1998-04-20,74
1998-04-27,78
1998-05-04,61
1998-05-11,72
1998-05-18,70
1998-05-25,64
1998-06-01,62
1998-06-08,68
1998-06-15,43
1998-06-22,62
1998-06-29,63
1998-07-06,72
1998-07-13,63
1998-07-20,83
1998-07-27,77
1998-08-03,89
1998-08-10,91
1998-08-17,95
1998-08-24,90
1998-08-31,115
1998-09-07,116
1998-09-14,119
1998-09-21,137
1998-09-28,142
1998-10-05,146
1998-10-12,164
1998-10-19,155
1998-10-26,154
1998-11-02,163
1998-11-09,183
1998-11-16,168
1998-11-23,175
1998-11-30,177
1998-12-07,183
1998-12-14,169
1998-12-21,180
1998-12-28,174
1999-01-04,175
1999-01-11,162
1999-01-18,181
1999-01-25,162
1999-02-01,170
1999-02-08,146
1999-02-15,148
1999-02-22,141
1999-03-01,134
1999-03-08,139
1999-03-15,119
1999-03-22,113
1999-03-29,93
1999-04-05,91
1999-04-12,86
1999-04-19,84
1999-04-26,84
1999-05-03,73
1999-05-10,70
1999-05-17,75
1999-05-24,56
1999-05-31,68
1999-06-07,56
1999-06-14,52
1999-06-21,69
1999-06-28,64
1999-07-05,68
1999-07-12,70
1999-07-19,71
1999-07-26,79
1999-08-02,81
1999-08-09,94
1999-08-16,101
1999-08-23,109
1999-08-30,114
1999-09-06,119
1999-09-13,130
1999-09-20,132
1999-09-27,146
1999-10-04,141
1999-10-11,161
1999-10-18,165
1999-10-25,159
1999-11-01,164
1999-11-08,184
1999-11-15,189
1999-11-22,176
1999-11-29,182
1999-12-06,190
1999-12-13,179
1999-12-20,175
1999-12-27,177
1999-01-01,187
2000-01-03,171
2000-01-10,175
2000-01-17,176
2000-01-24,178
2000-01-31,159
2000-02-07,144
2000-02-14,155
2000-02-21,145
2000-02-28,136
2000-03-06,129
2000-03-13,124
2000-03-20,118
2000-03-27,102
2000-04-03,100
2000-04-10,98
2000-04-17,88
2000-04-24,77
2000-05-01,68
2000-05-08,67
2000-05-15,82
2000-05-22,68
2000-05-29,55
2000-06-05,61
2000-06-12,66
2000-06-19,69
2000-06-26,68
2000-07-03,65
2000-07-10,76
2000-07-17,68
2000-07-24,93
2000-07-31,84
2000-08-07,89
2000-08-14,92
2000-08-21,113
2000-08-28,124
2000-09-04,119
2000-09-11,124
2000-09-18,130
2000-09-25,133
2000-10-02,154
2000-10-09,157
2000-10-16,160
2000-10-23,161
2000-10-30,164
2000-11-06,172
2000-11-13,184
2000-11-20,190
2000-11-27,174
2000-12-04,181
2000-12-11,192
2000-12-18,182
2000-01-01,179
2001-01-01,172
2001-01-08,179
2001-01-15,175
2001-01-22,177
2001-01-29,164
2001-02-05,155
2001-02-12,155
2001-02-19,146
2001-02-26,139
2001-03-05,138
2001-03-12,126
2001-03-19,122
2001-03-26,111
2001-04-02,108
2001-04-09,104
2001-04-16,90
2001-04-23,92
2001-04-30,75
2001-05-07,67
2001-05-14,76
2001-05-21,66
2001-05-28,72
2001-06-04,68
2001-06-11,67
2001-06-18,73
2001-06-25,70
2001-07-02,59
2001-07-09,74
2001-07-16,91
2001-07-23,85
2001-07-30,91
2001-08-06,89
2001-08-13,93
2001-08-20,109
2001-08-27,118
2001-09-03,122
2001-09-10,128
2001-09-17,140
2001-09-24,146
2001-10-01,152
2001-10-08,167
2001-10-15,163
2001-10-22,175
2001-10-29,171
2001-11-05,173
2001-11-12,188
2001-11-19,195
2001-11-26,189
2001-12-03,191
2001-12-10,187
2001-12-17,169
2001-12-24,187
2002-01-01,183
2002-01-07,178
2002-01-14,170
2002-01-21,168
2002-01-28,171
2002-02-04,157
2002-02-11,163
2002-02-18,139
2002-02-25,153
2002-03-04,121
2002-03-11,122
2002-03-18,109
2002-03-25,115
2002-04-01,107
2002-04-08,97
2002-04-15,90
2002-04-22,86
2002-04-29,81
2002-05-06,90
2002-05-13,73
2002-05-20,76
2002-05-27,72
2002-06-03,74
2002-06-10,73
2002-06-17,62
2002-06-24,73
2002-07-01,66
2002-07-08,82
2002-07-15,74
2002-07-22,88
2002-07-29,92
2002-08-05,95
2002-08-12,100
2002-08-19,107
2002-08-26,121
2002-09-02,121
2002-09-09,134
2002-09-16,152
2002-09-23,147
2002-09-30,154
2002-10-07,151
2002-10-14,174
2002-10-21,176
2002-10-28,175
2002-11-04,176
2002-11-11,187
2002-11-18,179
2002-11-25,195
2002-12-02,176
2002-12-09,195
2002-12-16,186
2002-12-23,193
2003-01-01,188
2003-01-06,183
2003-01-13,178
2003-01-20,178
2003-01-27,162
2003-02-03,164
2003-02-10,163
2003-02-17,142
2003-02-24,144
2003-03-03,139
2003-03-10,129
2003-03-17,125
2003-03-24,117
2003-03-31,109
2003-04-07,112
2003-04-14,93
2003-04-21,94
2003-04-28,80
2003-05-05,75
2003-05-12,91
2003-05-19,76
2003-05-26,71
2003-06-02,80
2003-06-09,72
2003-06-16,73
2003-06-23,68
2003-06-30,72
2003-07-07,80
2003-07-14,79
2003-07-21,92
2003-07-28,88
2003-08-04,100
2003-08-11,110
2003-08-18,110
2003-08-25,119
2003-09-01,111
2003-09-08,135
2003-09-15,146
2003-09-22,152
2003-09-29,159
2003-10-06,154
2003-10-13,173
2003-10-20,172
2003-10-27,182
2003-11-03,178
2003-11-10,188
2003-11-17,197
2003-11-24,182
2003-12-01,191
2003-12-08,191
2003-12-15,195
2003-12-22,189
2004-01-01,196
2004-01-05,188
2004-01-12,188
2004-01-19,172
2004-01-26,166
2004-02-02,172
2004-02-09,159
2004-02-16,158
2004-02-23,150
2004-03-01,135
2004-03-08,137
2004-03-15,124
2004-03-22,114
2004-03-29,104
2004-04-05,104
2004-04-12,96
2004-04-19,84
2004-04-26,95
2004-05-03,82
2004-05-10,79
2004-05-17,76
2004-05-24,76
2004-05-31,73
2004-06-07,66
2004-06-14,76
2004-06-21,81
2004-06-28,76
2004-07-05,77
2004-07-12,82
2004-07-19,93
2004-07-26,97
2004-08-02,104
2004-08-09,107
2004-08-16,119
2004-08-23,116
2004-08-30,121
2004-09-06,130
2004-09-13,143
2004-09-20,144
2004-09-27,160
2004-10-04,157
2004-10-11,159
2004-10-18,171
2004-10-25,184
2004-11-01,185
2004-11-08,187
2004-11-15,196
2004-11-22,189
2004-11-29,195
2004-12-06,207
2004-12-13,202
2004-12-20,188
2004-12-27,202
2005-01-03,187
2005-01-10,179
2005-01-17,186
2005-01-24,182
2005-01-31,173
2005-02-07,164
2005-02-14,156
2005-02-21,153
2005-02-28,139
2005-03-07,136
2005-03-14,122
2005-03-21,130
2005-03-28,110
2005-04-04,105
2005-04-11,99
2005-04-18,92
2005-04-25,91
2005-05-02,86
2005-05-09,81
2005-05-16,85
2005-05-23,73
2005-05-30,73
2005-06-06,79
2005-06-13,71
2005-06-20,81
2005-06-27,82
2005-07-04,74
2005-07-11,81
2005-07-18,96
2005-07-25,96
2005-08-01,102
2005-08-08,104
2005-08-15,120
2005-08-22,117
2005-08-29,118
2005-09-05,125
2005-09-12,148
2005-09-19,150
2005-09-26,153
2005-10-03,160
2005-10-10,167
2005-10-17,173
2005-10-24,180
2005-10-31,177
2005-11-07,181
2005-11-14,176
2005-11-21,169
2005-11-28,177
2005-12-05,170
2005-12-12,183
2005-12-19,177
2005-12-26,177
2005-01-01,188
2006-01-02,181
2006-01-09,172
2006-01-16,182
2006-01-23,172
2006-01-30,156
2006-02-06,149
2006-02-13,148
2006-02-20,142
2006-02-27,140
2006-03-06,128
2006-03-13,129
2006-03-20,106
2006-03-27,112
2006-04-03,105
2006-04-10,111
2006-04-17,108
2006-04-24,95
2006-05-01,85
2006-05-08,69
2006-05-15,57
2006-05-22,62
2006-05-29,68
2006-06-05,71
2006-06-12,64
2006-06-19,69
2006-06-26,71
2006-07-03,58
2006-07-10,71
2006-07-17,72
2006-07-24,74
2006-07-31,79
2006-08-07,76
2006-08-14,99
2006-08-21,98
2006-08-28,104
2006-09-04,110
2006-09-11,108
2006-09-18,109
2006-09-25,121
2006-10-02,119
2006-10-09,125
2006-10-16,136
2006-10-23,137
2006-10-30,149
2006-11-06,133
2006-11-13,143
2006-11-20,140
2006-11-27,144
2006-12-04,142
2006-12-11,149
2006-12-18,139
2006-01-01,149
2007-01-01,139
2007-01-08,145
2007-01-15,141
2007-01-22,142
2007-01-29,129
2007-02-05,125
2007-02-12,132
2007-02-19,126
2007-02-26,115
2007-03-05,105
2007-03-12,116
2007-03-19,100
2007-03-26,107
2007-04-02,86
2007-04-09,94
2007-04-16,89
2007-04-23,81
2007-04-30,74
2007-05-07,76
2007-05-14,85
2007-05-21,54
2007-05-28,72
2007-06-04,67
2007-06-11,65
2007-06-18,67
2007-06-25,65
2007-07-02,61
2007-07-09,75
2007-07-16,77
2007-07-23,84
2007-07-30,84
2007-08-06,78
2007-08-13,95
2007-08-20,90
2007-08-27,102
2007-09-03,109
2007-09-10,110
2007-09-17,114
2007-09-24,114
2007-10-01,118
2007-10-08,125
2007-10-15,144
2007-10-22,128
2007-10-29,138
2007-11-05,133
2007-11-12,151
2007-11-19,152
2007-11-26,143
2007-12-03,158
2007-12-10,134
2007-12-17,144
2007-12-24,156
2008-01-01,140
2008-01-07,144
2008-01-14,153
2008-01-21,133
2008-01-28,125
2008-02-04,131
2008-02-11,126
2008-02-18,126
2008-02-25,116
2008-03-03,114
2008-03-10,94
2008-03-17,101
2008-03-24,103
2008-03-31,100
2008-04-07,88
2008-04-14,92
2008-04-21,93
2008-04-28,85
2008-05-05,75
2008-05-12,70
2008-05-19,71
2008-05-26,61
2008-06-02,66
2008-06-09,82
2008-06-16,81
2008-06-23,77
2008-06-30,69
2008-07-07,82
2008-07-14,90
2008-07-21,88
2008-07-28,85
2008-08-04,84
2008-08-11,99
2008-08-18,98
2008-08-25,109
2008-09-01,104
2008-09-08,119
2008-09-15,106
2008-09-22,122
2008-09-29,131
2008-10-06,133
2008-10-13,134
2008-10-20,138
2008-10-27,136
2008-11-03,145
2008-11-10,140
2008-11-17,152
2008-11-24,147
2008-12-01,148
2008-12-08,142
2008-12-15,148
2008-12-22,150
2009-01-01,141
2009-01-05,149
2009-01-12,138
2009-01-19,148
2009-01-26,140
2009-02-02,138
2009-02-09,135
2009-02-16,118
2009-02-23,125
2009-03-02,113
2009-03-09,102
2009-03-16,106
2009-03-23,93
2009-03-30,100
2009-04-06,95
2009-04-13,78
2009-04-20,85
2009-04-27,86
2009-05-04,70
2009-05-11,77
2009-05-18,78
2009-05-25,68
2009-06-01,76
2009-06-08,78
2009-06-15,78
2009-06-22,83
2009-06-29,79
2009-07-06,76
2009-07-13,86
2009-07-20,90
2009-07-27,85
2009-08-03,98
2009-08-10,96
2009-08-17,100
2009-08-24,102
2009-08-31,105
2009-09-07,120
2009-09-14,119
2009-09-21,112
2009-09-28,127
2009-10-05,141
2009-10-12,140
2009-10-19,138
2009-10-26,137
2009-11-02,138
2009-11-09,145
2009-11-16,147
2009-11-23,151
2009-11-30,140
2009-12-07,150
2009-12-14,150
2009-12-21,145
2009-12-28,146
2010-01-04,155
2010-01-11,142
2010-01-18,143
2010-01-25,142
2010-02-01,137
2010-02-08,141
2010-02-15,131
2010-02-22,124
2010-03-01,117
2010-03-08,111
2010-03-15,113
2010-03-22,106
2010-03-29,106
2010-04-05,93
2010-04-12,88
2010-04-19,83
2010-04-26,87
2010-05-03,90
2010-05-10,78
2010-05-17,79
2010-05-24,75
2010-05-31,76
2010-06-07,62
2010-06-14,65
2010-06-21,72
2010-06-28,78
2010-07-05,79
2010-07-12,84
2010-07-19,89
2010-07-26,87
2010-08-02,97
2010-08-09,82
2010-08-16,95
2010-08-23,105
2010-08-30,112
2010-09-06,108
2010-09-13,117
2010-09-20,124
2010-09-27,124
2010-10-04,138
2010-10-11,123
2010-10-18,140
2010-10-25,143
2010-11-01,133
2010-11-08,154
2010-11-15,157
2010-11-22,153
2010-11-29,149
2010-12-06,153
2010-12-13,151
2010-12-20,146
2010-12-27,146
2010-01-01,151
2011-01-03,148
2011-01-10,159
2011-01-17,145
2011-01-24,139
2011-01-31,136
2011-02-07,144
2011-02-14,124
2011-02-21,117
2011-02-28,120
2011-03-07,115
2011-03-14,113
2011-03-21,103
2011-03-28,107
2011-04-04,102
2011-04-11,91
2011-04-18,88
2011-04-25,84
2011-05-02,83
2011-05-09,85
2011-05-16,78
2011-05-23,81
2011-05-30,92
2011-06-06,79
2011-06-13,80
2011-06-20,80
2011-06-27,78
2011-07-04,84
2011-07-11,76
2011-07-18,97
2011-07-25,84
2011-08-01,85
2011-08-08,99
2011-08-15,93
2011-08-22,101
2011-08-29,115
2011-09-05,121
2011-09-12,123
2011-09-19,124
2011-09-26,124
2011-10-03,134
2011-10-10,134
2011-10-17,143
2011-10-24,146
2011-10-31,148
2011-11-07,146
2011-11-14,147
2011-11-21,142
2011-11-28,157
2011-12-05,154
2011-12-12,151
2011-12-19,149
2011-01-01,147
2012-01-02,147
2012-01-09,158
2012-01-16,139
2012-01-23,142
2012-01-30,148
2012-02-06,130
2012-02-13,138
2012-02-20,136
2012-02-27,133
2012-03-05,129
2012-03-12,118
2012-03-19,113
2012-03-26,103
2012-04-02,99
2012-04-09,97
2012-04-16,88
2012-04-23,79
2012-04-30,87
2012-05-07,80
2012-05-14,82
2012-05-21,85
2012-05-28,84
2012-06-04,80
2012-06-11,82
2012-06-18,69
2012-06-25,83
2012-07-02,76
2012-07-09,82
2012-07-16,80
2012-07-23,91
2012-07-30,89
2012-08-06,88
2012-08-13,98
2012-08-20,94
2012-08-27,111
2012-09-03,110
2012-09-10,123
2012-09-17,124
2012-09-24,122
2012-10-01,132
2012-10-08,129
2012-10-15,128
2012-10-22,154
2012-10-29,144
2012-11-05,155
2012-11-12,150
2012-11-19,154
2012-11-26,158
2012-12-03,149
2012-12-10,165
2012-12-17,163
2012-01-01,162
2013-01-01,151
2013-01-07,150
2013-01-14,158
2013-01-21,145
2013-01-28,145
2013-02-04,150
2013-02-11,133
2013-02-18,139
2013-02-25,124
2013-03-04,122
2013-03-11,119
2013-03-18,113
2013-03-25,105
2013-04-01,110
2013-04-08,92
2013-04-15,90
2013-04-22,93
2013-04-29,87
2013-05-06,91
2013-05-13,86
2013-05-20,71
2013-05-27,90
2013-06-03,82
2013-06-10,94
2013-06-17,72
2013-06-24,78
2013-07-01,99
2013-07-08,84
2013-07-15,88
2013-07-22,93
2013-07-29,91
2013-08-05,100
2013-08-12,101
2013-08-19,102
2013-08-26,110
2013-09-02,112
2013-09-09,119
2013-09-16,122
2013-09-23,131
2013-09-30,131
2013-10-07,140
2013-10-14,147
2013-10-21,154
2013-10-28,146
2013-11-04,168
2013-11-11,156
2013-11-18,148
2013-11-25,151
2013-12-02,151
2013-12-09,157
2013-12-16,154
2013-12-23,151
2014-01-01,163
2014-01-06,151
2014-01-13,150
2014-01-20,155
2014-01-27,154
2014-02-03,140
2014-02-10,141
2014-02-17,129
2014-02-24,122
2014-03-03,116
2014-03-10,126
2014-03-17,114
2014-03-24,111
2014-03-31,104
2014-04-07,105
2014-04-14,97
2014-04-21,99
2014-04-28,91
2014-05-05,95
2014-05-12,82
2014-05-19,85
2014-05-26,73
2014-06-02,78
2014-06-09,77
2014-06-16,86
2014-06-23,69
2014-06-30,84
2014-07-07,79
2014-07-14,103
2014-07-21,92
2014-07-28,95
2014-08-04,96
2014-08-11,103
2014-08-18,106
2014-08-25,112
2014-09-01,110
2014-09-08,123
2014-09-15,124
2014-09-22,130
2014-09-29,145
2014-10-06,129
2014-10-13,149
2014-10-20,151
2014-10-27,146
2014-11-03,151
2014-11-10,143
2014-11-17,154
2014-11-24,154
2014-12-01,159
2014-12-08,162
2014-12-15,170
2014-12-22,153
2015-01-01,158
2015-01-05,160
2015-01-12,154
2015-01-19,158
2015-01-26,150
2015-02-02,149
2015-02-09,141
2015-02-16,141
2015-02-23,125
2015-03-02,130
2015-03-09,117
2015-03-16,112
2015-03-23,109
2015-03-30,100
2015-04-06,102
2015-04-13,103
2015-04-20,103
2015-04-27,98
2015-05-04,88
2015-05-11,88
2015-05-18,87
2015-05-25,81
2015-06-01,93
2015-06-08,85
2015-06-15,82
2015-06-22,85
2015-06-29,79
2015-07-06,80
2015-07-13,96
2015-07-20,84
2015-07-27,94
2015-08-03,112
2015-08-10,97
2015-08-17,112
2015-08-24,109
2015-08-31,123
2015-09-07,116
2015-09-14,125
2015-09-21,137
2015-09-28,135
2015-10-05,146
2015-10-12,134
2015-10-19,142
2015-10-26,150
2015-11-02,142
2015-11-09,159
2015-11-16,160
2015-11-23,148
2015-11-30,161
2015-12-07,157
2015-12-14,162
2015-12-21,153
2015-12-28,166
2016-01-04,164
2016-01-11,163
2016-01-18,151
2016-01-25,151
2016-02-01,141
2016-02-08,156
2016-02-15,134
2016-02-22,125
2016-02-29,124
2016-03-07,119
2016-03-14,126
2016-03-21,117
2016-03-28,114
2016-04-04,112
2016-04-11,105
2016-04-18,99
2016-04-25,91
2016-05-02,91
2016-05-09,78
2016-05-16,85
2016-05-23,83
2016-05-30,80
2016-06-06,83
2016-06-13,74
2016-06-20,90
2016-06-27,79
2016-07-04,89
2016-07-11,105
2016-07-18,101
2016-07-25,97
2016-08-01,93
2016-08-08,100
2016-08-15,110
2016-08-22,102
2016-08-29,110
2016-09-05,137
2016-09-12,129
2016-09-19,131
2016-09-26,142
2016-10-03,150
2016-10-10,147
2016-10-17,155
2016-10-24,144
2016-10-31,147
2016-11-07,151
2016-11-14,162
2016-11-21,161
2016-11-28,162
2016-12-05,170
2016-12-12,154
2016-12-19,159
2016-12-26,167
2016-01-01,154
2017-01-02,163
2017-01-09,160
2017-01-16,153
2017-01-23,158
2017-01-30,144
2017-02-06,138
2017-02-13,138
2017-02-20,139
2017-02-27,136
2017-03-06,127
2017-03-13,113
2017-03-20,109
2017-03-27,110
2017-04-03,112
2017-04-10,91
2017-04-17,97
2017-04-24,90
2017-05-01,93
2017-05-08,79
2017-05-15,96
2017-05-22,77
2017-05-29,82
2017-06-05,78
2017-06-12,84
2017-06-19,82
2017-06-26,85
2017-07-03,86
2017-07-10,84
2017-07-17,87
2017-07-24,93
2017-07-31,108
2017-08-07,107
2017-08-14,122
2017-08-21,118
2017-08-28,117
2017-09-04,121
2017-09-11,121
2017-09-18,132
2017-09-25,131
2017-10-02,154
2017-10-09,150
2017-10-16,143
2017-10-23,148
2017-10-30,149
2017-11-06,148
2017-11-13,165
2017-11-20,177
2017-11-27,170
2017-12-04,170
2017-12-11,169
2017-12-18,160
2017-01-01,156
2018-01-01,166
2018-01-08,166
2018-01-15,160
2018-01-22,156
2018-01-29,160
2018-02-05,153
2018-02-12,148
2018-02-19,141
2018-02-26,132
2018-03-05,126
2018-03-12,137
2018-03-19,120
2018-03-26,113
2018-04-02,117
2018-04-09,110
2018-04-16,100
2018-04-23,102
2018-04-30,99
2018-05-07,102
2018-05-14,92
2018-05-21,94
2018-05-28,93
2018-06-04,97
2018-06-11,102
2018-06-18,82
2018-06-25,82
2018-07-02,85
2018-07-09,87
2018-07-16,98
2018-07-23,98
2018-07-30,114
2018-08-06,117
2018-08-13,100
2018-08-20,112
2018-08-27,123
2018-09-03,127
2018-09-10,124
2018-09-17,121
2018-09-24,140
2018-10-01,144
2018-10-08,156
2018-10-15,152
2018-10-22,161
2018-10-29,149
2018-11-05,159
2018-11-12,157
2018-11-19,171
2018-11-26,171
2018-12-03,170
2018-12-10,165
2018-12-17,172
2018-12-24,163
2019-01-01,163
2019-01-07,165
2019-01-14,165
2019-01-21,165
2019-01-28,161
2019-02-04,151
2019-02-11,155
2019-02-18,152
2019-02-25,128
2019-03-04,132
2019-03-11,121
2019-03-18,113
2019-03-25,122
2019-04-01,109
2019-04-08,103
2019-04-15,101
2019-04-22,97
2019-04-29,88
2019-05-06,86
2019-05-13,100
2019-05-20,79
2019-05-27,80
2019-06-03,86
2019-06-10,99
2019-06-17,88
2019-06-24,84
2019-07-01,99
2019-07-08,99
2019-07-15,101
2019-07-22,99
2019-07-29,101
2019-08-05,108
2019-08-12,113
2019-08-19,115
2019-08-26,118
2019-09-02,133
2019-09-09,138
2019-09-16,140
2019-09-23,138
2019-09-30,143
2019-10-07,156
2019-10-14,160
2019-10-21,166
2019-10-28,166
2019-11-04,163
2019-11-11,166
2019-11-18,159
2019-11-25,168
2019-12-02,165
2019-12-09,181
2019-12-16,164
2019-12-23,155
2020-01-01,167
2020-01-06,158
2020-01-13,170
2020-01-20,159
2020-01-27,169
2020-02-03,159
2020-02-10,146
2020-02-17,141
2020-02-24,133
2020-03-02,128
2020-03-09,123
2020-03-16,123
2020-03-23,120
2020-03-30,117
2020-04-06,107
2020-04-13,110
2020-04-20,114
2020-04-27,85
2020-05-04,82
2020-05-11,89
2020-05-18,103
2020-05-25,92
2020-06-01,94
2020-06-08,83
2020-06-15,89
2020-06-22,92
2020-06-29,92
2020-07-06,90
2020-07-13,100
2020-07-20,87
2020-07-27,112
2020-08-03,114
2020-08-10,121
2020-08-17,107
2020-08-24,128
2020-08-31,120
2020-09-07,136
2020-09-14,130
2020-09-21,148
2020-09-28,151
2020-10-05,149
2020-10-12,150
2020-10-19,154
2020-10-26,155
2020-11-02,155
2020-11-09,161
2020-11-16,167
2020-11-23,166
2020-11-30,169
2020-12-07,180
2020-12-14,170
2020-12-21,180
2020-12-28,172
2021-01-04,172
2021-01-11,175
2021-01-18,152
2021-01-25,167
2021-02-01,160
2021-02-08,153
2021-02-15,144
2021-02-22,142
2021-03-01,147
2021-03-08,134
2021-03-15,141
2021-03-22,129
2021-03-29,112
2021-04-05,112
2021-04-12,106
2021-04-19,105
2021-04-26,107
2021-05-03,109
2021-05-10,99
2021-05-17,97
2021-05-24,87
2021-05-31,112
2021-06-07,103
2021-06-14,87
2021-06-21,93
2021-06-28,103
2021-07-05,93
2021-07-12,91
2021-07-19,101
2021-07-26,114
2021-08-02,103
2021-08-09,101
2021-08-16,120
2021-08-23,122
2021-08-30,128
2021-09-06,139
2021-09-13,142
2021-09-20,146
2021-09-27,143
2021-10-04,151
2021-10-11,157
2021-10-18,160
2021-10-25,161
2021-11-01,171
2021-11-08,164
2021-11-15,174
2021-11-22,172
2021-11-29,169
2021-12-06,170
2021-12-13,159
2021-12-20,172
2021-12-27,171
2021-01-01,162
2022-01-03,169
2022-01-10,159
2022-01-17,170
2022-01-24,171
2022-01-31,165
2022-02-07,146
2022-02-14,158
2022-02-21,145
2022-02-28,150
2022-03-07,147
2022-03-14,126
2022-03-21,132
2022-03-28,126
2022-04-04,124
2022-04-11,115
2022-04-18,99
2022-04-25,114
2022-05-02,101
2022-05-09,103
2022-05-16,91
2022-05-23,92
2022-05-30,96
2022-06-06,93
2022-06-13,106
2022-06-20,92
2022-06-27,96
2022-07-04,94
2022-07-11,103
2022-07-18,108
2022-07-25,116
2022-08-01,123
2022-08-08,117
2022-08-15,106
2022-08-22,117
2022-08-29,133
2022-09-05,134
2022-09-12,144
2022-09-19,140
2022-09-26,131
2022-10-03,158
2022-10-10,160
2022-10-17,155
2022-10-24,164
2022-10-31,156
2022-11-07,167
2022-11-14,169
2022-11-21,162
2022-11-28,179
2022-12-05,183
2022-12-12,179
2022-12-19,177
2022-01-01,169
2023-01-02,178
2023-01-09,176
2023-01-16,168
2023-01-23,169
2023-01-30,169
2023-02-06,154
2023-02-13,148
2023-02-20,147
2023-02-27,145
2023-03-06,137
2023-03-13,144
2023-03-20,134
2023-03-27,130
2023-04-03,120
2023-04-10,105
2023-04-17,106
2023-04-24,118
2023-05-01,105
2023-05-08,104
2023-05-15,95
2023-05-22,97
2023-05-29,97
2023-06-05,94
2023-06-12,92
2023-06-19,100
2023-06-26,98
2023-07-03,104
2023-07-10,103
2023-07-17,102
2023-07-24,123
2023-07-31,102
2023-08-07,122
2023-08-14,120
2023-08-21,122
2023-08-28,130
2023-09-04,143
2023-09-11,135
2023-09-18,149
2023-09-25,155
2023-10-02,159
2023-10-09,158
2023-10-16,169
2023-10-23,157
2023-10-30,158
2023-11-06,175
2023-11-13,171
2023-11-20,173
2023-11-27,171
2023-12-04,187
2023-12-11,183
2023-12-18,175
2023-01-01,178
2024-01-01,179
2024-01-08,171
2024-01-15,161
2024-01-22,168
2024-01-29,157
2024-02-05,159
2024-02-12,155
2024-02-19,150
2024-02-26,131
2024-03-04,139
2024-03-11,134
2024-03-18,136
2024-03-25,134
2024-04-01,122
2024-04-08,118
2024-04-15,116
2024-04-22,101
2024-04-29,97
2024-05-06,102
2024-05-13,105
2024-05-20,103
2024-05-27,98
2024-06-03,101
2024-06-10,97
2024-06-17,102
2024-06-24,103
2024-07-01,99
2024-07-08,107
2024-07-15,97
2024-07-22,102
2024-07-29,97
2024-08-05,121
2024-08-12,123
2024-08-19,134
2024-08-26,142
2024-09-02,139
2024-09-09,148
2024-09-16,154
2024-09-23,147
2024-09-30,148
2024-10-07,156
2024-10-14,169
2024-10-21,164
2024-10-28,170
2024-11-04,180
2024-11-11,170
2024-11-18,187
2024-11-25,185
2024-12-02,181
2024-12-09,174
2024-12-16,167
2024-12-23,177
2025-01-01,168
2025-01-06,173
2025-01-13,166
2025-01-20,169
2025-01-27,164
2025-02-03,160
2025-02-10,164
2025-02-17,156
2025-02-24,150
2025-03-03,151
2025-03-10,137
2025-03-17,132
2025-03-24,132
2025-03-31,118
2025-04-07,124
2025-04-14,119
2025-04-21,113
2025-04-28,105
2025-05-05,109
2025-05-12,108
2025-05-19,98
2025-05-26,105
2025-06-02,111
2025-06-09,93
2025-06-16,104
2025-06-23,96
2025-06-30,101
2025-07-07,100
2025-07-14,99
2025-07-21,121
2025-07-28,120
2025-08-04,112
2025-08-11,119
2025-08-18,127
2025-08-25,134
2025-09-01,138
2025-09-08,137
2025-09-15,150
2025-09-22,153
2025-09-29,158
2025-10-06,153
2025-10-13,163
2025-10-20,165
2025-10-27,167
2025-11-03,179
2025-11-10,172
2025-11-17,169
2025-11-24,177
2025-12-01,178
2025-12-08,195
2025-12-15,174
2025-12-22,182